579.jpg,311,226,464,406,1
310.jpg,11,680,719,1280,1
1171.jpg,137,174,719,710,1
322.jpg,1,228,622,968,1
331.jpg,0,165,633,1014,1
144.jpg,137,406,450,723,1
332.jpg,1,130,714,1025,1
1136.jpg,125,238,671,763,1
580.jpg,318,229,475,409,1
382.jpg,186,412,447,720,1
349.jpg,96,391,720,1274,1
1119.jpg,133,392,624,892,1
1137.jpg,129,246,660,770,1
578.jpg,301,248,445,420,1
1168.jpg,97,301,691,830,1
167.jpg,0,267,206,690,1
174.jpg,299,364,656,759,1
189.jpg,274,424,501,673,1
601.jpg,1,365,457,948,1
523.jpg,266,485,447,687,1
536.jpg,477,498,580,626,1
1063.jpg,113,251,707,822,1
277.jpg,0,416,476,988,1
118.jpg,146,356,537,789,1
1123.jpg,92,249,624,748,1
526.jpg,286,489,439,648,1
288.jpg,1,0,329,592,1
596.jpg,124,317,550,780,1
1144.jpg,132,255,657,780,1
165.jpg,0,247,179,680,1
445.jpg,1,8,282,518,1
457.jpg,0,524,719,1280,1
1031.jpg,0,398,534,973,1
554.jpg,395,529,495,636,1
1092.jpg,121,257,677,794,1
450.jpg,0,291,406,855,1
204.jpg,306,380,609,721,1
132.jpg,230,350,505,624,1
1059.jpg,117,270,669,818,1
1053.jpg,56,431,720,1058,1
074.jpg,166,260,688,797,1
361.jpg,1,113,284,556,1
586.jpg,290,272,510,513,1
1139.jpg,130,254,652,776,1
237.jpg,416,529,719,1280,1
477.jpg,62,633,720,1280,1
200.jpg,259,372,507,672,1
459.jpg,2,348,720,1280,1
553.jpg,353,544,438,643,1
085.jpg,104,290,640,892,1
101.jpg,13,225,702,869,1
292.jpg,1,1,230,258,1
1146.jpg,130,259,650,784,1
394.jpg,148,390,452,757,1
131.jpg,245,371,501,655,1
089.jpg,90,257,683,893,1
278.jpg,1,443,507,1062,1
1204.jpg,1,267,511,950,1
309.jpg,13,755,720,1280,1
1110.jpg,217,562,646,1039,1
497.jpg,1,462,534,1022,1
1070.jpg,118,264,685,807,1
1140.jpg,127,250,662,783,1
429.jpg,189,1,719,650,1
113.jpg,109,242,599,764,1
097.jpg,3,269,569,876,1
120.jpg,196,390,514,747,1
431.jpg,263,1,720,477,1
301.jpg,1,230,365,790,1
407.jpg,0,682,658,1279,1
1058.jpg,120,268,671,829,1
266.jpg,237,341,424,592,1
244.jpg,567,0,720,164,1
070.jpg,48,296,608,894,1
440.jpg,122,226,462,607,1
135.jpg,266,390,507,655,1
1197.jpg,17,69,590,700,1
1041.jpg,1,426,597,1038,1
314.jpg,31,424,720,1280,1
212.jpg,263,593,720,1166,1
480.jpg,69,724,720,1280,1
178.jpg,362,460,669,816,1
1071.jpg,117,264,677,800,1
404.jpg,70,596,705,1257,1
1061.jpg,122,270,698,814,1
250.jpg,397,136,563,300,1
214.jpg,191,618,720,1243,1
396.jpg,147,334,516,766,1
1005.jpg,216,153,686,540,1
129.jpg,258,435,531,694,1
377.jpg,274,0,720,386,1
357.jpg,1,0,264,290,1
1176.jpg,66,238,664,762,1
183.jpg,189,397,451,673,1
1174.jpg,75,203,686,743,1
1193.jpg,0,0,498,362,1
1202.jpg,1,217,525,885,1
474.jpg,166,277,720,948,1
1068.jpg,115,260,696,813,1
158.jpg,135,201,540,633,1
350.jpg,0,6,719,895,1
452.jpg,0,433,559,1018,1
273.jpg,140,359,437,706,1
058.jpg,33,372,578,958,1
141.jpg,132,408,429,716,1
547.jpg,311,500,408,592,1
551.jpg,320,532,415,617,1
240.jpg,526,380,681,1248,1
481.jpg,58,602,720,1279,1
1141.jpg,126,258,663,778,1
529.jpg,297,114,436,269,1
570.jpg,264,448,374,584,1
1199.jpg,0,120,548,764,1
253.jpg,472,272,616,429,1
088.jpg,89,265,695,881,1
527.jpg,295,474,435,614,1
549.jpg,300,513,390,598,1
531.jpg,314,57,439,200,1
193.jpg,317,331,537,584,1
494.jpg,1,538,460,1092,1
406.jpg,16,604,696,1280,1
123.jpg,240,448,563,792,1
558.jpg,355,448,443,553,1
276.jpg,48,384,464,888,1
1016.jpg,208,62,652,539,1
060.jpg,67,357,571,894,1
484.jpg,222,220,720,876,1
346.jpg,49,596,720,1280,1
423.jpg,42,532,720,1280,1
1102.jpg,82,559,673,1194,1
1002.jpg,204,169,679,539,1
438.jpg,258,431,574,758,1
057.jpg,5,376,573,989,1
1078.jpg,116,252,679,797,1
318.jpg,59,317,714,1060,1
261.jpg,402,404,565,593,1
436.jpg,271,418,631,754,1
550.jpg,297,528,395,613,1
1178.jpg,88,243,687,770,1
155.jpg,29,268,498,655,1
1165.jpg,158,530,712,1098,1
197.jpg,312,351,549,632,1
1010.jpg,244,140,693,540,1
1038.jpg,0,415,613,1013,1
426.jpg,141,692,720,1280,1
585.jpg,341,242,531,469,1
1169.jpg,120,238,718,762,1
272.jpg,164,316,449,653,1
1191.jpg,1,0,538,466,1
1022.jpg,21,377,619,941,1
470.jpg,350,0,720,671,1
1127.jpg,176,242,691,763,1
508.jpg,49,686,720,1279,1
563.jpg,255,468,354,572,1
124.jpg,246,426,590,763,1
334.jpg,9,146,719,1059,1
236.jpg,393,362,720,1279,1
164.jpg,0,217,201,706,1
559.jpg,303,462,387,562,1
1117.jpg,137,583,582,1087,1
516.jpg,286,349,624,705,1
076.jpg,159,262,663,800,1
572.jpg,224,365,349,490,1
078.jpg,141,274,677,804,1
115.jpg,205,305,622,761,1
600.jpg,0,318,487,890,1
080.jpg,122,274,642,831,1
1177.jpg,76,240,679,772,1
1135.jpg,129,218,660,767,1
483.jpg,186,204,720,990,1
505.jpg,63,513,719,1280,1
597.jpg,47,274,519,786,1
079.jpg,145,279,667,812,1
1120.jpg,129,311,623,794,1
591.jpg,249,235,549,582,1
1103.jpg,82,557,660,1140,1
1111.jpg,152,629,549,1080,1
1015.jpg,212,69,654,540,1
130.jpg,263,413,492,668,1
1036.jpg,0,421,595,1000,1
210.jpg,298,544,718,1032,1
345.jpg,24,550,720,1279,1
435.jpg,299,370,591,715,1
162.jpg,0,164,334,634,1
181.jpg,201,381,505,732,1
168.jpg,0,266,332,686,1
1167.jpg,81,387,669,921,1
1018.jpg,221,55,648,510,1
347.jpg,98,620,720,1280,1
259.jpg,415,373,563,558,1
171.jpg,196,272,597,694,1
455.jpg,1,550,700,1280,1
344.jpg,6,489,720,1280,1
575.jpg,262,234,401,395,1
163.jpg,1,192,259,681,1
324.jpg,1,121,518,964,1
275.jpg,83,357,456,804,1
338.jpg,6,237,720,1167,1
366.jpg,55,289,617,896,1
588.jpg,331,259,559,539,1
1014.jpg,217,89,668,539,1
180.jpg,294,460,564,762,1
1101.jpg,97,532,689,1097,1
545.jpg,297,548,391,648,1
509.jpg,6,659,720,1280,1
370.jpg,13,680,720,1280,1
062.jpg,46,337,538,901,1
105.jpg,1,260,617,975,1
160.jpg,96,192,497,632,1
1203.jpg,1,252,514,917,1
602.jpg,1,321,466,905,1
1154.jpg,162,671,625,1208,1
479.jpg,58,793,720,1280,1
1113.jpg,185,653,566,1104,1
358.jpg,1,55,349,516,1
582.jpg,323,226,490,426,1
1116.jpg,146,660,564,1156,1
454.jpg,1,542,637,1229,1
495.jpg,0,504,442,1012,1
151.jpg,207,324,584,692,1
458.jpg,4,470,720,1279,1
207.jpg,325,439,689,851,1
463.jpg,207,188,719,1237,1
142.jpg,114,422,416,730,1
1131.jpg,144,214,667,730,1
152.jpg,150,345,509,672,1
217.jpg,8,684,666,1280,1
1004.jpg,213,152,679,540,1
1042.jpg,0,418,622,1043,1
486.jpg,159,361,632,872,1
386.jpg,186,610,380,866,1
1109.jpg,240,549,659,1022,1
1205.jpg,0,283,516,968,1
1085.jpg,122,265,674,808,1
1024.jpg,14,381,608,941,1
1122.jpg,91,243,617,731,1
216.jpg,80,642,720,1279,1
219.jpg,0,734,647,1279,1
315.jpg,96,329,720,1160,1
348.jpg,126,604,720,1280,1
462.jpg,121,237,720,1262,1
091.jpg,67,220,666,856,1
121.jpg,183,425,529,758,1
1032.jpg,0,405,534,993,1
1003.jpg,200,156,684,539,1
1157.jpg,229,705,720,1280,1
391.jpg,204,380,465,719,1
337.jpg,9,229,719,1129,1
270.jpg,182,304,434,612,1
548.jpg,311,500,403,592,1
1001.jpg,204,171,674,539,1
1201.jpg,1,162,541,826,1
1013.jpg,222,101,673,539,1
064.jpg,19,331,533,899,1
603.jpg,1,346,448,933,1
1023.jpg,24,384,608,940,1
564.jpg,255,471,354,580,1
068.jpg,0,332,550,917,1
1056.jpg,116,258,671,825,1
501.jpg,211,491,720,1140,1
565.jpg,254,475,357,582,1
1149.jpg,116,292,648,821,1
138.jpg,203,394,464,674,1
215.jpg,153,619,719,1265,1
353.jpg,1,0,262,284,1
323.jpg,1,161,538,956,1
1007.jpg,248,147,693,540,1
1125.jpg,110,262,634,750,1
297.jpg,0,0,172,468,1
1182.jpg,51,279,641,805,1
410.jpg,30,892,635,1280,1
571.jpg,272,446,382,566,1
1011.jpg,240,133,693,540,1
336.jpg,8,215,720,1118,1
1190.jpg,1,196,556,745,1
498.jpg,26,443,607,1036,1
444.jpg,0,67,345,510,1
552.jpg,332,531,423,620,1
397.jpg,173,377,573,842,1
1181.jpg,59,270,660,798,1
1170.jpg,112,184,720,725,1
1083.jpg,117,268,668,792,1
265.jpg,274,365,458,584,1
369.jpg,15,572,720,1280,1
1104.jpg,97,562,651,1135,1
065.jpg,0,337,523,912,1
448.jpg,0,141,370,705,1
512.jpg,1,106,714,926,1
562.jpg,258,468,349,565,1
1100.jpg,76,494,668,1067,1
343.jpg,6,426,720,1263,1
304.jpg,1,529,635,1265,1
1017.jpg,218,61,654,515,1
1106.jpg,189,565,678,1104,1
150.jpg,290,368,634,733,1
371.jpg,8,713,720,1280,1
211.jpg,293,571,710,1099,1
535.jpg,455,461,566,584,1
231.jpg,8,4,720,1108,1
293.jpg,0,1,251,266,1
096.jpg,11,284,600,872,1
1052.jpg,1,436,662,1084,1
524.jpg,277,490,451,671,1
1000.jpg,205,171,679,539,1
090.jpg,76,248,688,868,1
235.jpg,371,251,720,1260,1
296.jpg,0,1,199,424,1
363.jpg,1,124,365,641,1
500.jpg,109,512,682,1112,1
385.jpg,182,581,388,852,1
102.jpg,18,238,715,934,1
485.jpg,188,287,720,862,1
441.jpg,70,156,453,565,1
490.jpg,83,546,487,998,1
534.jpg,424,342,531,466,1
506.jpg,105,563,720,1280,1
1145.jpg,129,258,655,787,1
1184.jpg,30,293,619,824,1
518.jpg,258,394,515,671,1
1155.jpg,192,714,662,1267,1
1105.jpg,109,587,657,1150,1
063.jpg,25,335,550,904,1
556.jpg,411,504,524,621,1
542.jpg,340,605,448,712,1
589.jpg,334,299,581,585,1
283.jpg,4,654,720,1279,1
1050.jpg,1,425,606,1122,1
1186.jpg,21,306,626,822,1
488.jpg,74,487,479,958,1
100.jpg,1,237,653,897,1
175.jpg,348,396,695,773,1
1153.jpg,79,614,565,1147,1
303.jpg,1,437,581,1105,1
464.jpg,146,206,719,1234,1
1047.jpg,2,421,605,1125,1
1207.jpg,0,275,539,987,1
569.jpg,267,436,375,568,1
119.jpg,188,383,517,756,1
281.jpg,1,491,716,1256,1
587.jpg,293,244,525,516,1
1090.jpg,120,258,673,800,1
1043.jpg,1,402,617,1050,1
389.jpg,217,495,446,766,1
325.jpg,1,86,583,1022,1
205.jpg,316,388,649,788,1
574.jpg,233,238,360,383,1
188.jpg,276,409,518,668,1
1195.jpg,1,0,613,488,1
269.jpg,166,294,409,573,1
373.jpg,13,259,720,1206,1
1076.jpg,115,258,676,800,1
1130.jpg,137,215,658,730,1
1040.jpg,1,439,606,1030,1
1067.jpg,115,248,703,821,1
1161.jpg,229,722,720,1279,1
255.jpg,433,291,587,458,1
340.jpg,9,348,719,1207,1
1189.jpg,0,314,570,832,1
274.jpg,128,364,458,740,1
1107.jpg,205,555,672,1059,1
1175.jpg,56,223,678,754,1
1009.jpg,252,154,699,540,1
285.jpg,2,462,720,1279,1
067.jpg,1,340,547,920,1
351.jpg,0,1,701,651,1
249.jpg,437,177,608,354,1
328.jpg,0,72,575,1032,1
473.jpg,195,229,720,916,1
514.jpg,231,286,720,871,1
1091.jpg,122,258,678,802,1
1069.jpg,123,269,689,812,1
059.jpg,65,368,573,918,1
146.jpg,257,406,591,749,1
460.jpg,0,358,719,1279,1
360.jpg,1,189,273,612,1
114.jpg,182,289,609,800,1
264.jpg,307,365,480,578,1
414.jpg,24,824,720,1280,1
415.jpg,40,827,720,1280,1
069.jpg,0,331,575,890,1
308.jpg,6,764,720,1280,1
203.jpg,259,376,566,696,1
208.jpg,306,473,719,933,1
437.jpg,269,444,621,797,1
1156.jpg,196,729,676,1280,1
1089.jpg,121,259,672,799,1
299.jpg,0,99,206,622,1
493.jpg,23,577,458,1054,1
055.jpg,8,383,605,1010,1
226.jpg,1,322,716,1279,1
1147.jpg,135,259,663,781,1
555.jpg,442,508,545,624,1
383.jpg,189,509,418,801,1
489.jpg,69,500,468,961,1
098.jpg,1,259,563,855,1
521.jpg,257,497,449,697,1
598.jpg,23,288,505,817,1
223.jpg,1,739,633,1279,1
511.jpg,6,611,720,1279,1
093.jpg,21,190,646,830,1
1173.jpg,114,184,713,721,1
149.jpg,333,388,670,713,1
1021.jpg,198,61,644,526,1
179.jpg,330,465,636,816,1
1151.jpg,60,451,583,974,1
1133.jpg,127,206,662,739,1
502.jpg,182,491,720,1184,1
320.jpg,8,318,637,1050,1
466.jpg,164,62,720,1126,1
398.jpg,221,385,682,904,1
241.jpg,526,5,720,676,1
182.jpg,213,386,488,706,1
1093.jpg,125,259,670,806,1
413.jpg,16,822,690,1279,1
593.jpg,166,274,513,654,1
519.jpg,256,446,490,687,1
1062.jpg,126,275,687,809,1
540.jpg,509,581,627,701,1
329.jpg,1,103,577,998,1
1163.jpg,209,658,719,1270,1
434.jpg,296,241,621,613,1
581.jpg,326,213,488,417,1
198.jpg,301,360,537,641,1
456.jpg,0,544,719,1280,1
1039.jpg,1,437,613,1038,1
428.jpg,182,56,720,876,1
411.jpg,1,856,637,1280,1
1160.jpg,265,726,720,1279,1
312.jpg,13,584,720,1280,1
560.jpg,280,483,367,572,1
083.jpg,130,302,663,864,1
107.jpg,1,290,565,951,1
145.jpg,191,400,521,727,1
446.jpg,1,10,232,554,1
367.jpg,1,349,646,1072,1
380.jpg,194,185,520,546,1
220.jpg,0,704,701,1280,1
468.jpg,288,0,720,775,1
206.jpg,315,407,663,804,1
427.jpg,173,283,720,1167,1
260.jpg,414,395,566,586,1
196.jpg,331,331,561,616,1
125.jpg,256,429,585,780,1
537.jpg,494,492,614,625,1
081.jpg,114,272,681,844,1
482.jpg,143,330,720,1205,1
1079.jpg,116,252,679,792,1
1033.jpg,1,421,552,1006,1
317.jpg,74,305,719,1057,1
1008.jpg,255,154,703,540,1
1206.jpg,1,289,527,974,1
364.jpg,1,129,451,668,1
233.jpg,301,1,720,1085,1
476.jpg,71,426,720,1264,1
176.jpg,357,402,700,783,1
108.jpg,0,284,566,948,1
522.jpg,262,504,460,708,1
447.jpg,1,63,295,607,1
1065.jpg,135,258,708,823,1
1180.jpg,82,264,682,782,1
1179.jpg,104,251,703,779,1
313.jpg,6,523,720,1268,1
191.jpg,320,357,539,604,1
566.jpg,257,472,349,580,1
330.jpg,1,144,588,1006,1
127.jpg,278,415,542,731,1
1044.jpg,0,407,622,1076,1
1054.jpg,89,425,720,1066,1
372.jpg,4,582,720,1279,1
166.jpg,1,261,192,699,1
1034.jpg,1,424,565,1001,1
1066.jpg,118,256,700,809,1
433.jpg,307,98,673,526,1
576.jpg,264,261,403,424,1
077.jpg,147,266,662,790,1
287.jpg,0,54,397,766,1
254.jpg,455,292,599,459,1
1064.jpg,120,255,709,820,1
116.jpg,189,316,573,756,1
1152.jpg,33,547,551,1083,1
186.jpg,223,392,485,672,1
1164.jpg,215,604,720,1200,1
245.jpg,551,1,720,256,1
469.jpg,346,1,720,678,1
1148.jpg,125,263,664,790,1
539.jpg,526,550,657,695,1
1099.jpg,91,451,673,1004,1
075.jpg,173,252,667,772,1
1082.jpg,116,263,671,803,1
573.jpg,244,276,376,427,1
1072.jpg,117,266,676,807,1
156.jpg,92,248,477,655,1
298.jpg,1,0,165,532,1
381.jpg,199,300,464,634,1
305.jpg,4,602,720,1279,1
192.jpg,304,313,514,561,1
117.jpg,175,344,567,756,1
378.jpg,274,0,702,324,1
137.jpg,218,404,474,658,1
234.jpg,364,105,720,1236,1
148.jpg,351,394,661,714,1
1198.jpg,1,121,554,745,1
467.jpg,233,3,720,903,1
420.jpg,26,697,720,1280,1
279.jpg,1,421,552,1076,1
307.jpg,22,753,720,1280,1
209.jpg,300,504,709,986,1
111.jpg,50,244,575,826,1
282.jpg,2,532,720,1278,1
1081.jpg,116,260,671,797,1
491.jpg,20,565,444,1012,1
1114.jpg,163,674,554,1122,1
590.jpg,326,310,584,608,1
1057.jpg,120,264,671,828,1
1187.jpg,13,308,612,835,1
1035.jpg,9,421,595,996,1
568.jpg,264,451,374,571,1
082.jpg,118,280,660,862,1
365.jpg,73,206,574,762,1
1166.jpg,104,455,680,1000,1
1049.jpg,0,419,586,1123,1
451.jpg,0,392,386,928,1
1134.jpg,128,202,669,756,1
1142.jpg,128,254,654,774,1
271.jpg,154,304,437,633,1
224.jpg,1,609,689,1280,1
084.jpg,100,301,657,868,1
1192.jpg,0,0,467,332,1
169.jpg,42,238,437,667,1
157.jpg,98,218,540,623,1
584.jpg,333,218,513,439,1
199.jpg,273,371,520,662,1
195.jpg,331,316,554,597,1
109.jpg,1,249,572,960,1
133.jpg,209,344,519,606,1
595.jpg,158,328,563,751,1
475.jpg,126,337,720,1091,1
1012.jpg,234,127,684,540,1
267.jpg,145,298,358,565,1
1037.jpg,1,418,599,987,1
1087.jpg,119,259,672,799,1
461.jpg,20,337,719,1280,1
172.jpg,263,321,627,716,1
251.jpg,417,162,576,334,1
086.jpg,77,289,633,869,1
1126.jpg,104,259,626,758,1
538.jpg,515,512,663,661,1
087.jpg,84,271,675,868,1
257.jpg,414,350,575,533,1
412.jpg,5,827,631,1280,1
499.jpg,67,488,650,1060,1
289.jpg,1,1,280,474,1
1098.jpg,100,450,673,988,1
520.jpg,236,474,456,690,1
1158.jpg,258,676,720,1277,1
185.jpg,170,375,414,647,1
187.jpg,256,385,517,667,1
409.jpg,50,843,644,1280,1
073.jpg,183,281,700,842,1
599.jpg,3,320,502,866,1
403.jpg,110,583,720,1237,1
1020.jpg,197,46,644,502,1
258.jpg,416,362,567,531,1
1019.jpg,206,42,647,491,1
517.jpg,279,359,589,682,1
1108.jpg,227,543,670,1038,1
1095.jpg,123,252,671,781,1
1027.jpg,0,388,561,940,1
099.jpg,1,271,601,889,1
302.jpg,1,331,514,929,1
577.jpg,282,255,421,414,1
443.jpg,1,74,406,478,1
465.jpg,74,201,720,1072,1
1159.jpg,256,715,720,1279,1
449.jpg,1,234,388,790,1
140.jpg,169,408,439,692,1
153.jpg,164,325,494,701,1
546.jpg,295,508,390,613,1
513.jpg,41,103,708,906,1
335.jpg,4,183,720,1080,1
368.jpg,0,458,719,1268,1
1150.jpg,95,364,624,880,1
327.jpg,0,81,604,1072,1
1055.jpg,109,252,671,845,1
1196.jpg,48,0,662,589,1
280.jpg,0,425,656,1180,1
225.jpg,1,455,709,1280,1
232.jpg,114,1,720,1037,1
202.jpg,238,367,531,698,1
1086.jpg,120,266,671,799,1
306.jpg,35,649,720,1280,1
1143.jpg,131,249,651,765,1
439.jpg,173,346,513,686,1
092.jpg,57,205,615,838,1
510.jpg,4,657,720,1280,1
419.jpg,9,744,719,1280,1
418.jpg,8,784,720,1280,1
061.jpg,56,342,558,893,1
248.jpg,482,214,663,394,1
1118.jpg,138,493,608,991,1
256.jpg,435,326,574,498,1
1025.jpg,7,380,602,948,1
143.jpg,106,422,426,734,1
388.jpg,215,581,439,860,1
341.jpg,0,381,719,1224,1
339.jpg,4,293,720,1197,1
154.jpg,83,300,495,712,1
300.jpg,1,159,284,721,1
247.jpg,512,220,704,428,1
177.jpg,376,455,696,804,1
110.jpg,0,257,579,888,1
112.jpg,64,230,587,804,1
405.jpg,49,567,720,1252,1
359.jpg,0,205,363,650,1
525.jpg,281,488,447,656,1
229.jpg,4,53,720,1001,1
1183.jpg,39,278,632,799,1
375.jpg,263,50,719,722,1
515.jpg,267,329,672,763,1
1077.jpg,117,256,675,797,1
528.jpg,308,318,447,474,1
1088.jpg,123,262,675,797,1
408.jpg,25,756,678,1280,1
342.jpg,4,382,720,1262,1
326.jpg,1,43,606,1040,1
1115.jpg,155,680,564,1151,1
583.jpg,329,224,498,428,1
1172.jpg,126,175,720,714,1
128.jpg,284,434,550,726,1
487.jpg,138,460,563,948,1
401.jpg,162,484,719,1116,1
095.jpg,9,246,602,849,1
147.jpg,309,387,662,742,1
126.jpg,291,412,563,731,1
442.jpg,45,95,447,526,1
213.jpg,231,623,720,1223,1
1045.jpg,0,412,606,1112,1
1074.jpg,119,259,672,807,1
422.jpg,20,562,720,1279,1
594.jpg,150,290,522,690,1
291.jpg,1,0,203,264,1
333.jpg,6,108,720,1030,1
1028.jpg,0,390,548,950,1
507.jpg,101,634,719,1279,1
1060.jpg,117,268,678,817,1
561.jpg,270,468,361,575,1
453.jpg,34,500,606,1130,1
362.jpg,1,168,295,612,1
471.jpg,299,0,720,732,1
066.jpg,1,332,534,925,1
1080.jpg,115,257,671,790,1
1029.jpg,1,405,565,966,1
161.jpg,48,173,399,630,1
139.jpg,183,392,441,665,1
1073.jpg,117,266,677,806,1
228.jpg,1,3,716,1132,1
1094.jpg,117,252,676,788,1
496.jpg,2,483,490,1056,1
1030.jpg,1,405,538,965,1
221.jpg,0,657,696,1280,1
134.jpg,261,353,507,632,1
421.jpg,33,622,720,1280,1
286.jpg,0,180,705,1144,1
541.jpg,383,609,498,724,1
390.jpg,210,394,480,710,1
316.jpg,89,262,720,1079,1
201.jpg,245,365,497,690,1
430.jpg,218,0,720,572,1
222.jpg,0,704,658,1280,1
384.jpg,188,548,405,817,1
136.jpg,253,391,506,658,1
379.jpg,235,8,583,413,1
072.jpg,116,286,688,871,1
252.jpg,440,232,583,392,1
1128.jpg,166,238,681,754,1
184.jpg,168,380,443,668,1
1096.jpg,122,248,674,781,1
352.jpg,1,0,509,424,1
432.jpg,288,1,719,459,1
071.jpg,79,305,651,875,1
319.jpg,11,346,717,1076,1
311.jpg,10,670,685,1279,1
557.jpg,398,454,514,566,1
1112.jpg,201,640,601,1100,1
294.jpg,0,1,278,309,1
246.jpg,515,129,719,373,1
399.jpg,201,402,691,959,1
416.jpg,17,827,720,1280,1
1046.jpg,0,416,586,1112,1
1124.jpg,124,247,624,736,1
1097.jpg,120,248,671,789,1
544.jpg,304,569,401,672,1
478.jpg,56,780,719,1280,1
268.jpg,125,272,357,542,1
395.jpg,142,352,467,739,1
543.jpg,312,608,407,717,1
190.jpg,284,418,511,674,1
1026.jpg,0,385,575,942,1
1185.jpg,21,302,626,822,1
400.jpg,184,430,675,1019,1
094.jpg,13,217,625,872,1
417.jpg,9,809,719,1280,1
056.jpg,1,374,559,1005,1
376.jpg,278,1,720,530,1
1048.jpg,1,431,574,1135,1
592.jpg,213,231,506,599,1
263.jpg,355,383,535,599,1
1075.jpg,117,262,674,798,1
290.jpg,0,0,228,365,1
1129.jpg,140,222,665,742,1
567.jpg,263,465,366,576,1
402.jpg,126,544,719,1224,1
170.jpg,129,250,542,639,1
295.jpg,1,1,248,358,1
374.jpg,182,62,719,879,1
1084.jpg,117,268,674,792,1
1138.jpg,124,250,663,776,1
218.jpg,1,715,653,1275,1
227.jpg,1,124,716,1270,1
106.jpg,0,281,595,930,1
387.jpg,187,607,399,867,1
503.jpg,110,447,720,1206,1
230.jpg,27,1,720,1258,1
194.jpg,325,330,545,598,1
1132.jpg,124,208,660,726,1
103.jpg,14,244,691,936,1
1188.jpg,12,310,583,843,1
1051.jpg,1,425,628,1108,1
1121.jpg,124,259,633,747,1
262.jpg,379,401,545,622,1
173.jpg,291,359,651,746,1
530.jpg,307,42,437,193,1
104.jpg,6,254,654,933,1
392.jpg,182,376,474,734,1
1194.jpg,1,1,529,456,1
1162.jpg,216,710,720,1280,1
532.jpg,352,138,473,279,1
1006.jpg,237,152,689,540,1
159.jpg,123,194,527,610,1
472.jpg,252,137,720,856,1
122.jpg,226,449,511,740,1
533.jpg,423,242,537,374,1
393.jpg,124,384,448,764,1
321.jpg,7,290,676,994,1
492.jpg,1,576,372,1043,1
504.jpg,87,465,720,1276,1
1200.jpg,0,140,557,804,1
